,2023-12-31 00:00:00,2022-12-31 00:00:00,2021-12-31 00:00:00,2020-12-31 00:00:00,2019-12-31 00:00:00,2018-12-31 00:00:00,2017-12-31 00:00:00,2016-12-31 00:00:00,2015-12-31 00:00:00,2014-12-31 00:00:00,2013-12-31 00:00:00,2012-12-31 00:00:00,2011-12-31 00:00:00,2010-12-31 00:00:00,2009-12-31 00:00:00,2008-12-31 00:00:00,2007-12-31 00:00:00,2006-12-31 00:00:00,2005-12-31 00:00:00,2004-12-31 00:00:00,2003-12-31 00:00:00,2002-12-31 00:00:00,2001-12-31 00:00:00,2000-12-31 00:00:00,1999-12-31 00:00:00,1998-12-31 00:00:00
SECUCODE,600519.SH,600519.SH,600519.SH,600519.SH,600519.SH,600519.SH,600519.SH,600519.SH,600519.SH,600519.SH,600519.SH,600519.SH,600519.SH,600519.SH,600519.SH,600519.SH,600519.SH,600519.SH,600519.SH,600519.SH,600519.SH,600519.SH,600519.SH,600519.SH,600519.SH,600519.SH
SECURITY_CODE,600519,600519,600519,600519,600519,600519,600519,600519,600519,600519,600519,600519,600519,600519,600519,600519,600519,600519,600519,600519,600519,600519,600519,600519,600519,600519
SECURITY_NAME_ABBR,贵州茅台,贵州茅台,贵州茅台,贵州茅台,贵州茅台,贵州茅台,贵州茅台,贵州茅台,贵州茅台,贵州茅台,贵州茅台,贵州茅台,贵州茅台,贵州茅台,贵州茅台,贵州茅台,贵州茅台,贵州茅台,贵州茅台,贵州茅台,贵州茅台,贵州茅台,贵州茅台,贵州茅台,贵州茅台,贵州茅台
ORG_CODE,10002602,10002602,10002602,10002602,10002602,10002602,10002602,10002602,10002602,10002602,10002602,10002602,10002602,10002602,10002602,10002602,10002602,10002602,10002602,10002602,10002602,10002602,10002602,10002602,10002602,10002602
ORG_TYPE,通用,通用,通用,通用,通用,通用,通用,通用,通用,通用,通用,通用,通用,通用,通用,通用,通用,通用,通用,通用,通用,通用,通用,通用,通用,通用
REPORT_TYPE,年报,年报,年报,年报,年报,年报,年报,年报,年报,年报,年报,年报,年报,年报,年报,年报,年报,年报,年报,年报,年报,年报,年报,年报,年报,年报
REPORT_DATE_NAME,2023年报,2022年报,2021年报,2020年报,2019年报,2018年报,2017年报,2016年报,2015年报,2014年报,2013年报,2012年报,2011年报,2010年报,2009年报,2008年报,2007年报,2006年报,2005年报,2004年报,2003年报,2002年报,2001年报,2000年报,1999年报,1998年报
SECURITY_TYPE_CODE,058001001,058001001,058001001,058001001,058001001,058001001,058001001,058001001,058001001,058001001,058001001,058001001,058001001,058001001,058001001,058001001,058001001,058001001,058001001,058001001,058001001,058001001,058001001,058001001,058001001,058001001
NOTICE_DATE,2024-04-03 00:00:00,2023-03-31 00:00:00,2022-03-31 00:00:00,2021-03-31 00:00:00,2020-04-22 00:00:00,2019-03-29 00:00:00,2018-03-28 00:00:00,2017-07-28 00:00:00,2016-03-24 00:00:00,2015-04-21 00:00:00,2014-03-25 00:00:00,2013-03-29 00:00:00,2012-04-11 00:00:00,2011-03-21 00:00:00,2011-03-21 00:00:00,2010-04-02 00:00:00,2009-03-25 00:00:00,2007-04-03 00:00:00,2007-04-03 00:00:00,2006-04-05 00:00:00,2005-04-23 00:00:00,2004-03-26 00:00:00,2003-03-26 00:00:00,2002-04-17 00:00:00,2001-07-26 00:00:00,2001-07-26 00:00:00
UPDATE_DATE,2024-10-26 00:00:00,2024-04-03 00:00:00,2023-03-31 00:00:00,2022-03-31 00:00:00,2021-03-31 00:00:00,2020-04-22 00:00:00,2019-03-29 00:00:00,2018-03-28 00:00:00,2017-04-15 00:00:00,2016-03-24 00:00:00,2015-04-21 00:00:00,2014-03-25 00:00:00,2013-03-29 00:00:00,2012-04-11 00:00:00,2011-03-21 00:00:00,2010-04-02 00:00:00,2009-03-25 00:00:00,2008-03-13 00:00:00,2007-04-03 00:00:00,2006-04-05 00:00:00,2005-04-23 00:00:00,2004-03-26 00:00:00,2003-03-26 00:00:00,2002-04-17 00:00:00,2001-07-26 00:00:00,2001-07-26 00:00:00
CURRENCY,CNY,CNY,CNY,CNY,CNY,CNY,CNY,CNY,CNY,CNY,CNY,CNY,CNY,CNY,CNY,CNY,CNY,CNY,CNY,CNY,CNY,CNY,CNY,CNY,CNY,CNY
ACCEPT_DEPOSIT_INTERBANK,12034492909.95,12874043355.42,21763575647.32,14241859949.77,11048756010.02,11473011885.36,10462613754.14,10778818332.13,5967622299.13,3956450709.19,2773189099.54,0.0,0.0,,,,,,,,,,,,,
ACCOUNTS_PAYABLE,3093091103.67,2408371053.69,2009832495.56,1342267668.12,1513676611.44,1178296416.59,992055910.47,1040608203.18,880976072.09,707534647.54,284748288.89,345280977.68,172343585.06,232013104.28,139121352.45,121289073.57,59681964.5,41247749.99,30329177.02,35782831.8,40004706.01,24208759.65,10084988.04,29849878.67,30919891.95,25626956.39
ACCOUNTS_RECE,60373410.41,20937144.0,,,,,,,230768.89,4306161.24,927222.79,17818147.27,2225396.48,1254599.91,21386314.28,34825094.84,46407153.34,68347002.7,43685990.33,31277360.66,27486075.27,42735776.91,46700450.37,47884805.68,,
ACCRUED_EXPENSE,,,,,,,,,,,,,,,,,,126932.01,1305119.69,,,,,,,
ADVANCE_RECEIVABLES,,,,,13740329698.82,13576516813.44,14429106902.38,17541082237.01,8261582073.04,1476233096.09,3045113586.1,5091386269.55,7026648776.8,4738570750.16,3516423880.2,2936266375.1,1125288196.26,2141468768.67,1543198286.97,1036893726.13,745368392.5,452516762.87,306147007.77,385340199.56,86012360.84,93845099.56
AGENT_TRADE_SECURITY,,,,,,,,,,,,,,,,,,,,,,,,,,
AGENT_UNDERWRITE_SECURITY,,,,,,,,,,,,,,,,,,,,,,,,,,
AMORTIZE_COST_FINASSET,,,,,,,,,,,,,,,,,,,,,,,,,,
AMORTIZE_COST_FINLIAB,,,,,,,,,,,,,,,,,,,,,,,,,,
AMORTIZE_COST_NCFINASSET,,,,,,,,,,,,,,,,,,,,,,,,,,
AMORTIZE_COST_NCFINLIAB,,,,,,,,,,,,,,,,,,,,,,,,,,
APPOINT_FVTPL_FINASSET,,,,,,,,,,,,,,,,,,,,,,,,,,
APPOINT_FVTPL_FINLIAB,,,,,,,,,,,,,,,,,,,,,,,,,,
ASSET_BALANCE,0.0,0.0,0.0,0.0,0.0,0.0,0.0,0.0,0.0,0.0,0.0,0.0,0.0,,,,,,0.0,0.0,0.0,0.0,0.0,0.0,0.0,0.0
ASSET_OTHER,,,,,,,0.0,0.0,,,,0.0,0.0,,,,,,,,,,,,,
ASSIGN_CASH_DIVIDEND,,,,,,,,,,,,,,,,,,,,,,,,,,
AVAILABLE_SALE_FINASSET,,,,,,29000000.0,29000000.0,29000000.0,29000000.0,4000000.0,4000000.0,,,,,,,,,,,,,,,
BOND_PAYABLE,,,,,,,,,,,,,,,,,,,,,,,,,,
BORROW_FUND,,,,,,,,,,,,,,,,,,,,,,,,,,
BUY_RESALE_FINASSET,3504849885.05,,,,,,,,,,,,,,,,,,,,,,,,,
CAPITAL_RESERVE,1374964415.72,1374964415.72,1374964415.72,1374964415.72,1374964415.72,1374964415.72,1374964415.72,1374964415.72,1374964415.72,1374964415.72,1374964415.72,1374964415.72,1374964415.72,1374964415.72,1374964415.72,1374964415.72,1374964415.72,1374449260.61,1846119450.61,1923937320.54,2014484980.54,2014320830.54,2039189510.54,88432681.62,88432681.62,
CIP,2137464700.45,2208329892.95,2321988541.82,2447444843.03,2518938271.72,1954322968.68,2016405005.77,2745579995.68,4895150716.51,3421774448.02,456328292.13,392672323.95,251446326.43,263458445.1,193956334.39,582860996.7,361516478.52,989033918.02,909890443.63,776047024.87,721652502.1,442903497.33,162048784.65,5776136.63,,
CONSUMPTIVE_BIOLOGICAL_ASSET,,,,,,,,,,,,,,,,,,,,,,,,,,
CONTRACT_ASSET,,,,,,,,,,,,,,,,,,,,,,,,,,
CONTRACT_LIAB,14125755802.29,15471920924.98,12718465288.02,13321549147.69,,,,,,,,,,,,,,,,,,,,,,
CONVERT_DIFF,,,,,,,,,,,,,,,,,,,,,,,,,,
CREDITOR_INVEST,5323002071.02,380685319.09,170468623.71,20143397.78,,,,,,,,,,,,,,,,,,,,,,
CURRENT_ASSET_BALANCE,0.0,0.0,0.0,0.0,0.0,0.0,0.0,0.0,0.0,0.0,0.0,0.0,0.0,,,,,,0.0,0.0,254708.21,3267745.14,8996282.41,1807921.64,72372172.98,68959433.35
CURRENT_ASSET_OTHER,,,,,,,0.0,0.0,,,,0.0,0.0,0.0,0.0,0.0,0.0,0.0,0.0,0.0,651300.25,0.0,23350685.8,19421406.15,3757667.96,0.0
CURRENT_LIAB_BALANCE,0.0,0.0,0.0,0.0,0.0,0.0,0.0,0.0,0.0,0.0,0.0,0.0,0.0,,,,,,0.0,0.0,0.0,0.0,0.0,0.0,0.0,0.0
CURRENT_LIAB_OTHER,,,,,,,0.0,0.0,,0.0,0.0,0.0,0.0,0.0,0.0,0.0,0.0,0.0,1305119.69,7450299.38,5224656.87,3548598.58,233559.23,8163.87,36647.61,0.0
DEFER_INCOME,,,,,,,,,,,,,,,,,,,,,,,,,,
DEFER_INCOME_1YEAR,,,,,,,,,,,,,,,,,,,,,,,,,,
DEFER_TAX_ASSET,4645887425.1,3594952468.88,2237206443.84,1123225086.37,1099946947.57,1049294821.45,1401797361.77,1745539120.68,1155336074.14,821601105.71,825372524.65,643656913.32,502628950.53,278437938.97,225420802.14,176680977.54,52849560.43,170093497.96,,,,,,,,
DEFER_TAX_LIAB,78943062.19,162628090.99,,1457513.23,72692601.01,,,,,,,,,,,,,,,,,,,,,
DERIVE_FINASSET,,,,,,,,,,,,,,,,,,,,,,,,,,
DERIVE_FINLIAB,,,,,,,,,,,,,,,,,,,,,,,,,,
DEVELOP_EXPENSE,218015555.49,190536632.6,,,,,,,,,,,,,,,,,,,,,,,,
DIV_HOLDSALE_ASSET,,,,,,,,,,,,,,,,,,,,,,,,,,
DIV_HOLDSALE_LIAB,,,,,,,,,,,,,,,,,,,,,,,,,,
DIVIDEND_PAYABLE,,,,,446880000.0,,,,,,,,,318584196.29,137207662.62,,41806958.04,,37181810.0,17440859.68,1212795.36,55577521.6,165107825.7,5617043.56,,
DIVIDEND_RECE,,,,,,,,,,,,,,,,,,,,,,,,,,
EQUITY_BALANCE,0.0,0.0,0.0,0.0,0.0,0.0,0.0,0.0,0.0,0.0,0.0,0.0,0.0,,,,,,,,,,,,,
EQUITY_OTHER,,,,,,,,,,0.0,0.0,,,,,,,,,,,,,,,
EXPORT_REFUND_RECE,,,,,,,,,,,,,,,,,,,,,,,,,,
FEE_COMMISSION_PAYABLE,,,,,,,,,,,,,,,,,,,,,,,,,,
FIN_FUND,,,,,,,,,,,,,,,,,,,,,,,,,,
FINANCE_RECE,,,,,,,,,,,,,,,,,,,,,,,,,,
FIXED_ASSET,19909280655.97,19742622547.86,17472173182.85,16225082847.29,15144182726.19,15248556585.02,15244096632.02,14453177439.34,11415953189.72,10375757771.59,8523256960.11,6807333231.09,5426012349.61,4191851111.97,3168725156.29,2190171911.89,1826983364.36,1222898569.38,981382035.5,715522677.42,440813831.83,470098687.69,414239895.73,180320389.09,,213023445.35
FIXED_ASSET_DISPOSAL,,,,,,,,,682594.04,,,,,,,,,,,,6730.0,,,449993.46,,
FVTOCI_FINASSET,,,,,,,,,,,,,,,,,,,,,,,,,,
FVTOCI_NCFINASSET,,,,,,,,,,,,,,,,,,,,,,,,,,
FVTPL_FINASSET,,,,,,,,,,,,,,,,,,,,,,,,,,
FVTPL_FINLIAB,,,,,,,,,,,,,,,,,,,,,,,,,,
GENERAL_RISK_RESERVE,1061529724.0,1061529724.0,1061529724.0,927577822.67,898349936.77,788302643.63,600859229.62,420758409.36,218361303.43,98594502.37,13296286.27,,,,,,,,,,,,,,,
GOODWILL,,,,,,,,,,,,,,,,,,,,,,,,,,
HOLD_MATURITY_INVEST,,,,,,,,,,60000000.0,50000000.0,50000000.0,60000000.0,60000000.0,10000000.0,42000000.0,58000000.0,42769450.0,,,,,,,,
HOLDSALE_ASSET,,,,,,,,,,,,,,,,,,,,,,,,,,
HOLDSALE_LIAB,,,,,,,,,,,,,,,,,,,,,,,,,,
INSURANCE_CONTRACT_RESERVE,,,,,,,,,,,,,,,,,,,,,,,,,,
INTANGIBLE_ASSET,8572267313.84,7083177226.45,6208358330.24,4817170981.91,4728027345.7,3499175374.52,3458622239.38,3531740625.6,3582462431.04,3582623682.24,3563308110.51,862615899.2,808425512.33,452317235.72,465550825.17,445207595.72,249274093.4,256943698.66,57074911.58,37699499.84,256204.88,424999.92,594999.96,765000.0,935000.0,
INTEREST_PAYABLE,,,,,11081.87,42770451.84,23414593.67,34481635.33,27409447.4,15365197.91,27383888.89,,,,,,,,,,,,,,,
INTEREST_RECE,,,,,,343889944.47,241458615.89,140904856.88,85347051.47,80602922.33,188599147.23,264612813.22,225182760.05,42728425.34,1912600.0,2783550.0,3584400.0,,,,,,,,,
INTERNAL_PAYABLE,,,,,,,,,,,,,,,,,,,,,,,,,,
INTERNAL_RECE,,,,,,,,,,,,,,,,,,,,,,,,,,
INVENTORY,46435185061.53,38824374236.24,33394365084.83,28869087678.06,25284920806.33,23506950842.22,22057481376.46,20622251825.55,18013297022.7,14982364367.85,11836810239.03,9665727593.42,7187117552.86,5574126083.42,4192246440.36,3114567813.33,2304818947.92,1980903106.21,1860549625.24,1693741195.11,1215006621.05,1076612588.52,786368826.81,512332818.61,423401102.17,316665851.53
INVEST_REALESTATE,4138545.33,5335046.99,5242431.75,,,,,,,,,,,,,,,,,,,,,,,
LEASE_LIAB,266636234.04,334447942.79,296466199.74,,,,,,,,,,,,,,,,,,,,,,,
LEND_FUND,105553836462.58,116172711554.59,135067287778.03,118199586541.06,117377810563.27,,,390000000.0,,,,,,,,,,,,,,,,,,
LIAB_BALANCE,0.0,0.0,0.0,0.0,0.0,0.0,0.0,0.0,0.0,0.0,0.0,0.0,0.0,,,,,,0.0,0.0,0.0,0.0,0.0,0.0,0.0,0.0
LIAB_EQUITY_BALANCE,,,,,,,,,,,,,,,,,,,0.0,0.0,0.0,0.0,0.0,0.0,0.0,0.0
LIAB_EQUITY_OTHER,,,,,,,,,,,,,,,,,,,,,,,,,,
LIAB_OTHER,,,,,,,0.0,0.0,,,,0.0,0.0,,,,,,,,,,,,,
LOAN_ADVANCE,2130818189.27,4134744407.92,3425175000.0,2953036834.8,48750000.0,36075000.0,33150000.0,60833517.03,19500000.0,30810000.0,90527500.0,,,,,,,,,,,,,,,
LOAN_PBC,,,,,,,,,,,,,,,,,,,,,,,,,,
LONG_EQUITY_INVEST,,,,,,,,,,,4000000.0,4000000.0,4000000.0,4000000.0,4000000.0,4000000.0,4000000.0,4000000.0,10243017.33,9815063.73,4000000.0,4000000.0,,,,
LONG_LOAN,,,,,,,,,,,,,,,,,,,,,,,,,,60360000.0
LONG_PAYABLE,,,,,,,15570000.0,,,,,,,,,,,,,,,,,,,
LONG_PREPAID_EXPENSE,160058930.14,146455346.9,139342455.82,147721526.43,158284338.19,168414678.77,177859674.54,188118776.51,198603537.81,5408286.83,8048744.96,10177029.43,13805361.44,18701578.16,21469624.81,10146520.77,12477325.46,68664033.57,60377239.58,50939036.0,33607508.12,22221522.31,16579763.94,11574814.36,8442496.95,7917934.45
LONG_RECE,,,,,,,,,,,,,,,,,,,,,,,,,,
LONG_STAFFSALARY_PAYABLE,,,,,,,,,,0.0,0.0,,,,,,,,,,,,,,,
MINORITY_EQUITY,7987897687.39,7458040024.4,7418137908.05,6397948013.72,5866030353.54,4569923590.48,4568104646.12,3004405071.47,2308191982.3,1881148395.03,1506875785.45,1304382273.57,412199640.26,150615633.82,185582551.4,258848779.48,134750014.51,104433023.91,70497512.35,47558937.0,31381618.39,22503488.42,6716039.01,1358890.07,,
MONETARYFUNDS,69070136376.12,58274318733.23,51810243607.11,36091090060.9,13251817237.85,112074791420.06,87868869913.34,66854962118.22,36800749895.06,27710717680.21,25185009331.68,22061999850.17,18254690162.04,12888393889.29,9743152155.24,8093721891.16,4722706300.02,4474221148.33,3891989433.53,2898327418.85,2340047386.85,1780307690.64,1956436570.1,460983583.46,198390615.12,124765368.74
NONCURRENT_ASSET_1YEAR,,2123601333.33,,,,,,,,,,,,,17000000.0,,,,,,,,,,,
NONCURRENT_ASSET_BALANCE,0.0,0.0,0.0,0.0,0.0,0.0,0.0,0.0,0.0,0.0,0.0,0.0,0.0,,,,,,0.0,0.0,0.0,0.0,0.0,0.0,185600155.9,0.0
NONCURRENT_ASSET_OTHER,,,,,,,0.0,0.0,,0.0,0.0,0.0,0.0,,,,,,,,,,,,,
NONCURRENT_LIAB_1YEAR,57054879.48,109351155.28,104319886.87,,,,,,,,,,,,,,,,,,,,,,57360000.0,
NONCURRENT_LIAB_BALANCE,0.0,0.0,0.0,0.0,0.0,,0.0,0.0,0.0,0.0,0.0,0.0,0.0,,,,,,,0.0,0.0,,,,,0.0
NONCURRENT_LIAB_OTHER,,,,,,,0.0,0.0,,0.0,0.0,0.0,0.0,,,,,,,,,,,,,
NOTE_ACCOUNTS_PAYABLE,3093091103.67,2408371053.69,2009832495.56,1342267668.12,1513676611.44,1178296416.59,992055910.47,1040608203.18,880976072.09,707534647.54,284748288.89,345280977.68,172343585.06,232013104.28,139121352.45,121289073.57,59681964.5,41247749.99,30329177.02,35782831.8,40004706.01,24208759.65,10084988.04,29849878.67,30919891.95,25626956.39
NOTE_ACCOUNTS_RECE,74306850.41,126390356.0,,1532728979.67,1463000645.08,563739710.0,1221706039.0,817627172.0,8579166175.71,1852144779.07,297011227.79,221897265.07,254326792.56,206065701.11,402146597.48,205437703.84,147453377.34,254000841.17,203351190.41,146652270.58,74026438.87,79752540.01,58440450.37,50384805.68,13412198.0,
NOTE_PAYABLE,,,,,,,,,,,,,,,,,,,,,,,,,,
NOTE_RECE,13933440.0,105453212.0,,1532728979.67,1463000645.08,563739710.0,1221706039.0,817627172.0,8578935406.82,1847838617.83,296084005.0,204079117.8,252101396.08,204811101.2,380760283.2,170612609.0,101046224.0,185653838.47,159665200.08,115374909.92,46540363.6,37016763.1,11740000.0,2500000.0,13412198.0,
OIL_GAS_ASSET,,,,,,,,,,,,,,,,,,,,,,,,,,
OTHER_COMPRE_INCOME,-6061727.51,-10776907.33,-13017880.78,-5331367.75,-7198721.79,-7065725.7,-7401576.4,-11240841.56,-13034075.47,-619043.99,0.0,,,,,,,,,,,,,,,
OTHER_CREDITOR_INVEST,,,,,,,,,,,,,,,,,,,,,,,,,,
OTHER_CURRENT_ASSET,71403906.57,160843674.42,71527560.74,26736855.91,20904926.15,140084334.11,37539231.49,231474570.63,,,,,,,,,,,,,,,,,,
OTHER_CURRENT_LIAB,1822498012.3,1979272808.9,1535976293.22,1609801368.51,,,,,,,,,,,,,,,,,,,,,,
OTHER_EQUITY_INVEST,,,,,,,,,,,,,,,,,,,,,,,,,,
OTHER_EQUITY_OTHER,,,,,,,,,,0.0,0.0,,,,,,,,,,,,,,,
OTHER_EQUITY_TOOL,,,,,,,,,,0.0,0.0,,,,,,,,,,,,,,,
OTHER_NONCURRENT_ASSET,109563497.23,,2059761333.33,,,,,,,,,,,,,,,,,,,,,,,
OTHER_NONCURRENT_FINASSET,4002439902.57,,,9830052.91,319770404.05,,,,,,,,,,,,,,,,,,,,,
OTHER_NONCURRENT_LIAB,,,,,,,,,,,,,,,,,,,,,,,,,,
OTHER_PAYABLE,,,,,,,3039948303.8,1724638571.44,1423139205.93,1231886240.35,1604688158.14,1389984092.02,916123206.95,818880550.55,710831237.05,575906355.73,423495209.82,300028402.49,269348761.11,396044896.52,213109026.89,127453900.0,176692131.93,105580857.9,59024931.4,18613175.01
OTHER_RECE,,,,,,,31323463.35,77227565.37,48219018.75,80888920.58,119574188.82,137968684.11,47287488.89,59101891.63,96001483.15,82601388.17,86114253.52,56675997.4,51244124.02,29172976.86,119865787.9,45195662.66,33320706.81,9792294.12,,
PARENT_EQUITY_BALANCE,0.0,0.0,0.0,0.0,0.0,0.0,0.0,0.0,0.0,0.0,0.0,0.0,0.0,,,,,,141570000.0,196625000.0,90750000.0,0.0,0.0,0.0,0.0,234091527.98
PARENT_EQUITY_OTHER,,,,,,,0.0,0.0,,0.0,0.0,0.0,0.0,,,,,660660000.0,141570000.0,,,,,,,
PERPETUAL_BOND,,,,,,,,,,0.0,0.0,,,,,,,,,,,,,,,
PERPETUAL_BOND_PAYBALE,,,,,,,,,,0.0,0.0,,,,,,,,,,,,,,,
PREDICT_CURRENT_LIAB,,,,,,,,,,,,,,,,,,,,,,,,,,
PREDICT_LIAB,,,,,,,,,,,,,,,,,,,,,,,,,,
PREFERRED_SHARES,,,,,,,,,,0.0,0.0,,,,,,,,,,,,,,,
PREFERRED_SHARES_PAYBALE,,,,,,,,,,0.0,0.0,,,,,,,,,,,,,,,
PREMIUM_RECE,,,,,,,,,,,,,,,,,,,,,,,,,,
PREPAYMENT,34585111.79,897377162.27,389109841.28,898436259.15,1549477339.41,1182378508.06,790807322.07,1046100696.92,1477734859.9,2864210404.28,4304579299.68,3872870407.89,1861027424.03,1529868837.52,1203126087.16,741638536.34,639762311.82,3144616.2,12385914.41,4744646.4,6176790.79,6120132.5,3011768.4,15247081.7,8745548.24,10516948.13
PRODUCTIVE_BIOLOGY_ASSET,,,,,,,,,,,,,,,,,,,,,,,,,,
PROJECT_MATERIAL,,,,,,,,,260855.92,260855.92,1725110.46,2676942.59,4918294.64,18528802.46,24915041.53,62368950.89,11931427.66,47444702.52,19108529.36,10991173.91,,,,,,
RC_RESERVE_RECE,,,,,,,,,,,,,,,,,,,,,,,,,,
REINSURE_PAYABLE,,,,,,,,,,,,,,,,,,,,,,,,,,
REINSURE_RECE,,,,,,,,,,,,,,,,,,,,,,,,,,
SELL_REPO_FINASSET,,,,,,,,,,,,,,,,,,,,,,,,,,
SETTLE_EXCESS_RESERVE,,,,,,,,,,,,,,,,,,,,,,,,,,
SHARE_CAPITAL,1256197800.0,1256197800.0,1256197800.0,1256197800.0,1256197800.0,1256197800.0,1256197800.0,1256197800.0,1256197800.0,1141998000.0,1038180000.0,1038180000.0,1038180000.0,943800000.0,943800000.0,943800000.0,943800000.0,943800000.0,471900000.0,393250000.0,302500000.0,275000000.0,250000000.0,185000000.0,185000000.0,
SHORT_BOND_PAYABLE,,,,,,,,,,,,,,,,,,,,,,,,,,
SHORT_FIN_PAYABLE,,,,,,,,,,,,,,,,,,,,,,,,,,
SHORT_LOAN,,,,,,,,,,62552484.0,,,,,,,,,,,,,,129000000.0,117100000.0,147000000.0
SPECIAL_PAYABLE,,,,,,,15570000.0,15570000.0,15570000.0,17770000.0,17770000.0,17770000.0,16770000.0,10000000.0,10000000.0,,,,,300000.0,300000.0,,,,,
SPECIAL_RESERVE,,,,,,,,,,,,,,,,,,,,,,,,,,
STAFF_SALARY_PAYABLE,5401921213.77,4782311242.41,3677845718.53,2981125503.86,2445071026.57,2034514658.91,1901644193.64,1628507252.03,975477747.06,988643842.56,260284491.74,269657755.58,577522908.06,500258690.69,463948636.85,361007478.77,54596365.24,109191195.98,94549201.41,62895093.14,55513753.5,61785500.24,19823059.32,6706990.1,890294.04,
SUBSIDY_RECE,,,,,,,,,,,,,,,,,,,,,,,,,,
SURPLUS_RESERVE,38998763095.13,32520123399.97,25142832818.16,20174922608.93,16595699037.02,13444221244.84,8215595509.69,7135649963.12,6210524497.54,5249407234.62,4220803927.18,3036434460.46,2640916373.35,2176754189.47,1585666147.4,1001133829.72,838320965.63,620731198.51,967252340.82,648560928.3,424392228.41,275187832.04,163612517.12,63435431.12,6166053.19,
TAX_PAYABLE,6949663893.87,6896555423.83,11979802144.01,8919821015.58,8755949266.98,10771075966.85,7726135741.9,4272289194.57,2515516156.83,2105178165.87,3311880890.49,2430093461.38,788080887.25,419882954.1,140524984.34,256300257.23,407747376.15,811005431.92,919289026.87,600137530.19,425108388.79,331080051.09,247668459.18,162973488.2,278350976.25,162312222.61
TOTAL_ASSETS,272699660092.25,254500826096.02,255168195159.9,213395810527.46,183042372042.5,159846674736.01,134610116875.08,112934538280.41,86301463422.77,65873165224.63,55454150677.05,44998208953.46,34900868975.41,25587579940.69,19769623147.72,15754187836.35,10481471840.45,9570793579.42,8057596464.59,6373652983.57,4956365810.85,3930905066.72,3463388734.98,1268856244.9,915056957.32,741848981.55
TOTAL_CURRENT_ASSETS,225172517821.28,216611435672.92,220765692846.31,185652154956.94,159024472009.08,137861835307.57,112249185961.6,90180548805.57,65004514023.59,47570929074.32,41931583434.23,36225076613.88,27829632180.43,20300284828.31,15655585363.39,12240750882.84,7904439590.62,6768945709.31,6019520287.61,4772638507.8,3756029033.92,2991256359.47,2869925290.7,1069969911.36,720079304.47,520907601.75
TOTAL_CURRENT_LIAB,48697611501.2,49065668798.38,57914222254.82,45673669912.95,41093299212.84,42438186813.48,38574919400.0,37020425425.69,20051723001.48,10543844383.51,11307288403.79,9526402556.21,9480719364.12,7028190246.07,5108057753.51,4250769540.4,2112616070.01,3402941549.05,2895201383.07,2156645236.84,1485541719.92,1056171094.03,925757031.17,825076621.86,629695102.09,447397453.57
TOTAL_EQUITY,223656469294.82,204938081263.86,196957506705.34,167720683101.28,141876380228.65,117408487922.53,96019627475.08,75898542854.72,66234170421.29,55311550841.12,44129092273.26,35454036397.25,25403379611.29,18549389694.62,14651565394.21,11503418295.95,8368855770.44,6167852030.37,5162395081.52,4216707746.73,3470524090.93,2874733972.69,2537631703.81,443779623.04,285361855.23,234091527.98
TOTAL_LIAB_EQUITY,272699660092.25,254500826096.02,255168195159.9,213395810527.46,183042372042.5,159846674736.01,134610116875.08,112934538280.41,86301463422.77,65873165224.63,55454150677.05,44998208953.46,34900868975.41,25587579940.69,19769623147.72,15754187836.35,10481471840.45,9570793579.42,8057596464.59,6373652983.57,4956365810.85,3930905066.72,3463388734.98,1268856244.9,915056957.32,741848981.55
TOTAL_LIABILITIES,49043190797.43,49562744832.16,58210688454.56,45675127426.18,41165991813.85,42438186813.48,38590489400.0,37035995425.69,20067293001.48,10561614383.51,11325058403.79,9544172556.21,9497489364.12,7038190246.07,5118057753.51,4250769540.4,2112616070.01,3402941549.05,2895201383.07,2156945236.84,1485841719.92,1056171094.03,925757031.17,825076621.86,629695102.09,507757453.57
TOTAL_NONCURRENT_ASSETS,47527142270.97,37889390423.1,34402502313.59,27743655570.52,24017900033.42,21984839428.44,22360930913.48,22753989474.84,21296949399.18,18302236150.31,13522567242.82,8773132339.58,7071236794.98,5287295112.38,4114037784.33,3513436953.51,2577032249.83,2801847870.11,2038076176.98,1601014475.77,1200336776.93,939648707.25,593463444.28,198886333.54,194977652.85,220941379.8
TOTAL_NONCURRENT_LIAB,345579296.23,497076033.78,296466199.74,1457513.23,72692601.01,,15570000.0,15570000.0,15570000.0,17770000.0,17770000.0,17770000.0,16770000.0,10000000.0,10000000.0,,,,,300000.0,300000.0,,,,,60360000.0
TOTAL_OTHER_PAYABLE,5213133685.87,4543842833.87,4124404781.29,3257245259.42,3589516599.01,3404771072.33,3063362897.47,1759120206.77,1450548653.33,1247251438.26,1632072047.03,1389984092.02,916123206.95,1137464746.84,848038899.67,575906355.73,465302167.86,300028402.49,306530571.11,413485756.2,214321822.25,183031421.6,341799957.63,111197901.46,59024931.4,18613175.01
TOTAL_OTHER_RECE,27502107.3,31818622.84,33158974.32,34488582.19,76540490.99,393890493.12,272782079.24,218132422.25,133566070.22,161491842.91,308173336.05,402581497.33,272470248.94,101830316.97,97914083.15,85384938.17,89698653.52,56675997.4,51244124.02,29172976.86,119865787.9,45195662.66,33320706.81,9792294.12,,
TOTAL_PARENT_EQUITY,215668571607.43,197480041239.46,189539368797.29,161322735087.56,136010349875.11,112838564332.05,91451522828.96,72894137783.25,63925978438.99,53430402446.09,42622216487.81,34149654123.68,24991179971.03,18398774060.8,14465982842.81,11244569516.47,8234105755.93,6063419006.46,5091897569.17,4169148809.73,3439142472.54,2852230484.27,2530915664.8,442420732.97,285361855.23,234091527.98
TRADE_FINASSET,,,,,,,,,,,,,,,,,,,,,,,,,,
TRADE_FINASSET_NOTFVTPL,400712059.93,,,,,,,,,,,,,,,,,,,,,,,,,
TRADE_FINLIAB,,,,,,,,,,,,,,,,,,,,,,,,,,
TRADE_FINLIAB_NOTFVTPL,,,,,,,,,,,,,,,,,,,,,,,,,,
TREASURY_SHARES,,,,,,,,,,,,,,,,,,,,,,,,,,
UNASSIGN_RPOFIT,172983178300.09,161278002807.1,160716861920.19,137594403807.99,115892337407.39,95981943953.56,80011307450.33,62717808036.61,54878964497.77,45566057337.37,35974971858.64,28700075247.5,19937119181.96,13903255455.61,10561552279.69,7924671271.03,5077020374.58,3124438547.34,1665055777.74,1006775560.89,607015263.59,287721821.69,78113637.14,105552620.23,5763120.42,
UNCONFIRM_INVEST_LOSS,,,,,,,,,,,,,,,,,,,,,,,,,,
USERIGHT_ASSET,314205484.56,402551533.46,362785970.23,,,,,,,,,,,,,,,,,,,,,,,
ACCEPT_DEPOSIT_INTERBANK_YOY,-6.5212647052,-40.8459181338,52.8141389122,28.900121759,-3.6978596342,9.6572248098,-2.9335736836,80.6216578704,50.8327219967,42.667902086,,,,,,,,,,,,,,,,
ACCOUNTS_PAYABLE_YOY,28.4308370561,19.8294414589,49.7341061917,-11.3240134666,28.4631430706,18.7731864862,-4.6657610964,18.1199167772,24.513488513,148.4772253762,-17.5314288081,100.3445486873,-25.7181676894,66.7703053443,14.702296221,103.2256722548,44.6914425986,36.0002283042,-15.2409815145,-10.5534439097,65.2488875447,140.0474800166,-66.2143080999,-3.4605983803,20.6537814302,
ACCOUNTS_RECE_YOY,188.3555197882,,,,,,,,-94.6409603092,364.4149482133,-94.7961885377,700.6729331216,77.3789765376,-94.1336319406,-38.5893581101,-24.9574853582,-32.100675221,56.4506199441,39.6728797065,13.7934767069,-35.6836888027,-8.4895829239,-2.4733426255,,,
ACCRUED_EXPENSE_YOY,,,,,,,,,,,,,,,,,,-90.2743012022,,,,,,,,
ADVANCE_RECEIVABLES_YOY,,,,,1.2065899349,-5.9088209319,-17.7410680401,112.321103657,459.6394021325,-51.5212469305,-40.1908748446,-27.541756657,48.2862480541,34.7553910335,19.7583403883,160.9346107832,-47.4525049012,38.7682183652,48.8289733153,39.1115771159,64.7161947709,47.810284401,-20.5515001758,348.0056073299,-8.3464546969,
AGENT_TRADE_SECURITY_YOY,,,,,,,,,,,,,,,,,,,,,,,,,,
AGENT_UNDERWRITE_SECURITY_YOY,,,,,,,,,,,,,,,,,,,,,,,,,,
AMORTIZE_COST_FINASSET_YOY,,,,,,,,,,,,,,,,,,,,,,,,,,
AMORTIZE_COST_FINLIAB_YOY,,,,,,,,,,,,,,,,,,,,,,,,,,
AMORTIZE_COST_NCFINASSET_YOY,,,,,,,,,,,,,,,,,,,,,,,,,,
AMORTIZE_COST_NCFINLIAB_YOY,,,,,,,,,,,,,,,,,,,,,,,,,,
APPOINT_FVTPL_FINASSET_YOY,,,,,,,,,,,,,,,,,,,,,,,,,,
APPOINT_FVTPL_FINLIAB_YOY,,,,,,,,,,,,,,,,,,,,,,,,,,
ASSET_BALANCE_YOY,,,,,,,,,,,,,,,,,,,,,,,,,,
ASSET_OTHER_YOY,,,,,,,,,,,,,,,,,,,,,,,,,,
ASSIGN_CASH_DIVIDEND_YOY,,,,,,,,,,,,,,,,,,,,,,,,,,
AVAILABLE_SALE_FINASSET_YOY,,,,,,0.0,0.0,0.0,625.0,0.0,,,,,,,,,,,,,,,,
BOND_PAYABLE_YOY,,,,,,,,,,,,,,,,,,,,,,,,,,
BORROW_FUND_YOY,,,,,,,,,,,,,,,,,,,,,,,,,,
BUY_RESALE_FINASSET_YOY,,,,,,,,,,,,,,,,,,,,,,,,,,
CAPITAL_RESERVE_YOY,0.0,0.0,0.0,0.0,0.0,0.0,0.0,0.0,0.0,0.0,0.0,0.0,0.0,0.0,0.0,0.0,0.0374808387,-25.5492779649,-4.0447196018,-4.4948292429,0.0081491487,-1.2195374619,2205.9229610412,0.0,,
CIP_YOY,-3.2089948484,-4.8948841402,-5.1260113815,-2.838236629,28.8905831886,-3.0788475982,-26.558140395,-43.9122479637,43.0588366028,649.8492876802,16.2109637725,56.1654646242,-4.5593978456,35.8338957728,-66.7233979477,61.2266746695,-63.4475145965,8.69813228,17.2468181013,7.5374952088,62.9367359821,173.3149145713,2705.4873876832,,,
CONSUMPTIVE_BIOLOGICAL_ASSET_YOY,,,,,,,,,,,,,,,,,,,,,,,,,,
CONTRACT_ASSET_YOY,,,,,,,,,,,,,,,,,,,,,,,,,,
CONTRACT_LIAB_YOY,-8.7006980531,21.6492758726,-4.5271300881,,,,,,,,,,,,,,,,,,,,,,,
CONVERT_DIFF_YOY,,,,,,,,,,,,,,,,,,,,,,,,,,
CREDITOR_INVEST_YOY,1298.2682819879,123.31694291,746.2754177414,,,,,,,,,,,,,,,,,,,,,,,
CURRENT_ASSET_BALANCE_YOY,,,,,,,,,,,,,,,,,,,,-100.0,-92.2053832509,-63.6767167695,397.603558194,-97.5019105195,4.9489090386,
CURRENT_ASSET_OTHER_YOY,,,,,,,,,,,,,,,,,,,,-100.0,,-100.0,20.2316949641,416.8473201129,,
CURRENT_LIAB_BALANCE_YOY,,,,,,,,,,,,,,,,,,,,,,,,,,
CURRENT_LIAB_OTHER_YOY,,,,,,,,,,,,,,,,,,-100.0,-82.4823188515,42.5988263991,47.2315549988,1419.3570299063,2760.8886471735,-77.723322203,,
DEFER_INCOME_1YEAR_YOY,,,,,,,,,,,,,,,,,,,,,,,,,,
DEFER_INCOME_YOY,,,,,,,,,,,,,,,,,,,,,,,,,,
DEFER_TAX_ASSET_YOY,29.2336259051,60.6893489324,99.1770368191,2.1162965042,4.8272539885,-25.1464690927,-19.6925840755,51.0849665089,40.6200729418,-0.4569353628,28.2317501093,28.0580660229,80.5174080764,23.5191855972,27.5863453319,234.3092659664,-68.9291118921,,,,,,,,,
DEFER_TAX_LIAB_YOY,-51.4579174425,,,-97.9949634354,,,,,,,,,,,,,,,,,,,,,,
DERIVE_FINASSET_YOY,,,,,,,,,,,,,,,,,,,,,,,,,,
DERIVE_FINLIAB_YOY,,,,,,,,,,,,,,,,,,,,,,,,,,
DEVELOP_EXPENSE_YOY,14.4218581566,,,,,,,,,,,,,,,,,,,,,,,,,
DIV_HOLDSALE_ASSET_YOY,,,,,,,,,,,,,,,,,,,,,,,,,,
DIV_HOLDSALE_LIAB_YOY,,,,,,,,,,,,,,,,,,,,,,,,,,
DIVIDEND_PAYABLE_YOY,,,,,,,,,,,,,,132.1912568195,,,,,113.1879430384,1338.0711087153,-97.8178311571,-66.3386509002,2839.4079632169,,,
DIVIDEND_RECE_YOY,,,,,,,,,,,,,,,,,,,,,,,,,,
EQUITY_BALANCE_YOY,,,,,,,,,,,,,,,,,,,,,,,,,,
EQUITY_OTHER_YOY,,,,,,,,,,,,,,,,,,,,,,,,,,
EXPORT_REFUND_RECE_YOY,,,,,,,,,,,,,,,,,,,,,,,,,,
FEE_COMMISSION_PAYABLE_YOY,,,,,,,,,,,,,,,,,,,,,,,,,,
FIN_FUND_YOY,,,,,,,,,,,,,,,,,,,,,,,,,,
FINANCE_RECE_YOY,,,,,,,,,,,,,,,,,,,,,,,,,,
FIXED_ASSET_DISPOSAL_YOY,,,,,,,,,,,,,,,,,,,,,,,,,,
FIXED_ASSET_YOY,0.8441538489,12.994659229,7.6861877828,7.1373948706,-0.6844835329,0.029256919,5.4722859108,26.6050867514,10.0252477075,21.7346587126,25.206988857,25.4573855067,29.4419149124,32.2882517485,44.6792892872,19.8791381802,49.3977840931,24.6098384873,37.1559653481,62.31856302,-6.2295123613,13.4846480351,129.7243799331,,,
FVTOCI_FINASSET_YOY,,,,,,,,,,,,,,,,,,,,,,,,,,
FVTOCI_NCFINASSET_YOY,,,,,,,,,,,,,,,,,,,,,,,,,,
FVTPL_FINASSET_YOY,,,,,,,,,,,,,,,,,,,,,,,,,,
FVTPL_FINLIAB_YOY,,,,,,,,,,,,,,,,,,,,,,,,,,
GENERAL_RISK_RESERVE_YOY,0.0,0.0,14.4410418249,3.2535078708,13.9600309639,31.1958949401,42.8038551942,92.6890903978,121.474116894,641.5191006564,,,,,,,,,,,,,,,,
GOODWILL_YOY,,,,,,,,,,,,,,,,,,,,,,,,,,
HOLD_MATURITY_INVEST_YOY,,,,,,,,,,20.0,0.0,-16.6666666667,0.0,500.0,-76.1904761905,-27.5862068966,35.610815664,,,,,,,,,
HOLDSALE_ASSET_YOY,,,,,,,,,,,,,,,,,,,,,,,,,,
HOLDSALE_LIAB_YOY,,,,,,,,,,,,,,,,,,,,,,,,,,
INSURANCE_CONTRACT_RESERVE_YOY,,,,,,,,,,,,,,,,,,,,,,,,,,
INTANGIBLE_ASSET_YOY,21.0229116085,14.0909858883,28.8797585461,1.8854297933,35.1183304537,1.1725228236,-2.0703215205,-1.4158363532,-0.0045009249,0.5420685254,313.0816640193,6.7032009806,78.7297605503,-2.8425659959,4.5693805868,78.601630698,-2.9849361164,350.1867660362,51.3943469336,14614.5908540072,-39.716487476,-28.5714372149,-22.222227451,-18.1818181818,,
INTEREST_PAYABLE_YOY,,,,,-99.9740898926,82.6657871702,-32.0954663376,25.8020084345,78.3865561677,-43.8896426592,,,,,,,,,,,,,,,,
INTEREST_RECE_YOY,,,,,,42.4218983458,71.3628765087,65.0963383656,5.8858029,-57.2623081738,-28.7263738536,17.5102450833,427.0092643437,2134.0492178187,-31.2891810817,-22.3426514898,,,,,,,,,,
INTERNAL_PAYABLE_YOY,,,,,,,,,,,,,,,,,,,,,,,,,,
INTERNAL_RECE_YOY,,,,,,,,,,,,,,,,,,,,,,,,,,
INVENTORY_YOY,19.6031770634,16.2602556977,15.6751659673,14.1751160669,7.5635924712,6.5713280724,6.9596160645,14.483494052,20.2300022909,26.5743394149,22.4616576934,34.4868443062,28.9371184882,32.9627483193,34.6012253263,35.1328622207,16.3519275978,6.4687057705,9.8485193967,39.4018078392,12.8545805618,36.9093676929,53.4878887797,21.0041296502,33.7059553862,
INVEST_REALESTATE_YOY,-22.4272000273,1.7666465567,,,,,,,,,,,,,,,,,,,,,,,,
LEASE_LIAB_YOY,-20.2757141169,12.8114918609,,,,,,,,,,,,,,,,,,,,,,,,
LEND_FUND_YOY,-9.1405933028,-13.9890098737,14.2705247375,0.7001118643,,,,,,,,,,,,,,,,,,,,,,
LIAB_BALANCE_YOY,,,,,,,,,,,,,,,,,,,,,,,,,,
LIAB_EQUITY_BALANCE_YOY,,,,,,,,,,,,,,,,,,,,,,,,,,
LIAB_EQUITY_OTHER_YOY,,,,,,,,,,,,,,,,,,,,,,,,,,
LIAB_OTHER_YOY,,,,,,,,,,,,,,,,,,,,,,,,,,
LOAN_ADVANCE_YOY,-48.4655403321,20.7162964789,15.9882247196,5957.511456,35.1351351351,8.8235294118,-45.507013866,211.966754,-36.7088607595,-65.9661428848,,,,,,,,,,,,,,,,
LOAN_PBC_YOY,,,,,,,,,,,,,,,,,,,,,,,,,,
LONG_EQUITY_INVEST_YOY,,,,,,,,,,,0.0,0.0,0.0,0.0,0.0,0.0,0.0,-60.9490068099,4.3601713832,145.37659325,0.0,,,,,
LONG_LOAN_YOY,,,,,,,,,,,,,,,,,,,,,,,,,,
LONG_PAYABLE_YOY,,,,,,,,,,,,,,,,,,,,,,,,,,
LONG_PREPAID_EXPENSE_YOY,9.2885534929,5.1046115401,-5.6722068967,-6.6733145432,-6.0151173603,-5.3103637991,-5.4535236516,-5.2792419589,3572.2079292899,-32.8058367251,-20.91262961,-26.2820500989,-26.1807676235,-12.8928505947,111.5959282662,-18.6803229384,-81.8284408718,13.7250295768,18.5284299059,51.5704045004,51.2385499569,34.0279776625,43.2399987104,37.1017890625,6.6249916984,
LONG_RECE_YOY,,,,,,,,,,,,,,,,,,,,,,,,,,
LONG_STAFFSALARY_PAYABLE_YOY,,,,,,,,,,,,,,,,,,,,,,,,,,
MINORITY_EQUITY_YOY,7.1045162168,0.5378993603,15.9455796162,9.0677618103,28.3616725181,0.0398183601,52.0468957232,30.1627028648,22.7012174265,24.8376550472,15.5240925903,216.4443017823,173.6765299893,-18.8417053846,-28.3046449851,92.0955485024,29.0300802035,48.1371759496,48.2318924622,51.5503005898,39.4522387121,235.0708414066,394.2297510497,,,
MONETARYFUNDS_YOY,18.5258581783,12.4764422556,43.5541113324,172.348232798,-88.1759162164,27.5477783322,31.4320839162,81.6673907702,32.803308524,10.0286178785,14.1556046719,20.8566108454,41.6366563502,32.281562311,20.3791319526,71.3788954254,5.5537074153,14.9597455169,34.2839807614,23.8576378896,31.4406155269,-9.0025346158,324.4048248781,132.361587861,59.010963638,
NONCURRENT_ASSET_1YEAR_YOY,,,,,,,,,,,,,,,,,,,,,,,,,,
NONCURRENT_ASSET_BALANCE_YOY,,,,,,,,,,,,,,,,,,,,,,,,-100.0,,
NONCURRENT_ASSET_OTHER_YOY,,,,,,,,,,,,,,,,,,,,,,,,,,
NONCURRENT_LIAB_1YEAR_YOY,-47.8241639662,4.822923568,,,,,,,,,,,,,,,,,,,,,,,,
NONCURRENT_LIAB_BALANCE_YOY,,,,,,,,,,,,,,,,,,,,,,,,,,
NONCURRENT_LIAB_OTHER_YOY,,,,,,,,,,,,,,,,,,,,,,,,,,
NOTE_ACCOUNTS_PAYABLE_YOY,28.4308370561,19.8294414589,49.7341061917,-11.3240134666,28.4631430706,18.7731864862,-4.6657610964,18.1199167772,24.513488513,148.4772253762,-17.5314288081,100.3445486873,-25.7181676894,66.7703053443,14.702296221,103.2256722548,44.6914425986,36.0002283042,-15.2409815145,-10.5534439097,65.2488875447,140.0474800166,-66.2143080999,-3.4605983803,20.6537814302,
NOTE_ACCOUNTS_RECE_YOY,-41.2084491557,,,4.7661178294,159.5170464539,-53.8563539834,49.4209195631,-90.4696195964,363.2017039196,523.5941963714,33.8507834679,-12.7511251031,23.4202447035,-48.758561579,95.7511157705,39.3238375044,-41.9476814877,24.9074768915,38.6621493181,98.1079636122,-7.1798354501,36.4680448304,15.9882420529,275.6640461168,,
NOTE_PAYABLE_YOY,,,,,,,,,,,,,,,,,,,,,,,,,,
NOTE_RECE_YOY,-86.7870880974,,,4.7661178294,159.5170464539,-53.8563539834,49.4209195631,-90.4693632342,364.2686500889,524.0926853951,45.0829502753,-19.0487950589,23.0897127172,-46.2099619533,123.1724169929,68.8461005727,-45.5727795166,16.2769585213,38.3881471203,147.9028976043,25.7278046551,215.3046260647,369.6,-81.3602513175,,
OIL_GAS_ASSET_YOY,,,,,,,,,,,,,,,,,,,,,,,,,,
OTHER_COMPRE_INCOME_YOY,43.7526247152,17.2145796069,-144.1752546521,25.9400778982,-1.8822707765,4.5375563508,34.1546061254,13.7580445512,-2005.5168421876,,,,,,,,,,,,,,,,,
OTHER_CREDITOR_INVEST_YOY,,,,,,,,,,,,,,,,,,,,,,,,,,
OTHER_CURRENT_ASSET_YOY,-55.6066430169,124.8695086984,167.5242032226,27.8973947009,-85.0768993672,273.1678261643,-83.7825678269,,,,,,,,,,,,,,,,,,,
OTHER_CURRENT_LIAB_YOY,-7.9208280887,28.8608956816,-4.5859741912,,,,,,,,,,,,,,,,,,,,,,,
OTHER_EQUITY_INVEST_YOY,,,,,,,,,,,,,,,,,,,,,,,,,,
OTHER_EQUITY_OTHER_YOY,,,,,,,,,,,,,,,,,,,,,,,,,,
OTHER_EQUITY_TOOL_YOY,,,,,,,,,,,,,,,,,,,,,,,,,,
OTHER_NONCURRENT_ASSET_YOY,,,,,,,,,,,,,,,,,,,,,,,,,,
OTHER_NONCURRENT_FINASSET_YOY,,,,-96.9259028398,,,,,,,,,,,,,,,,,,,,,,
OTHER_NONCURRENT_LIAB_YOY,,,,,,,,,,,,,,,,,,,,,,,,,,
OTHER_PAYABLE_YOY,,,,,,,76.2658190615,21.1855146885,15.5252132312,-23.232047666,15.4465124711,51.7245804358,11.8750721744,15.2004171832,23.4282674566,35.9888712731,41.1517064069,11.390303506,-31.9903466812,85.8414457143,67.2047908224,-27.8666805319,67.3524305868,78.8750200902,217.1137184725,
OTHER_RECE_YOY,,,,,,,-59.4400481228,60.1599687675,-40.388599076,-32.3525240871,-13.3323698843,191.7657235531,-19.989889349,-38.4364806764,16.2226026425,-4.0793076714,51.9413110849,10.5999926506,75.6561363824,-75.6619654606,165.2152459888,35.6383672103,240.2747752638,,,
PARENT_EQUITY_BALANCE_YOY,,,,,,,,,,,,,,,,,,,-28.0,116.6666666667,,,,,-100.0,
PARENT_EQUITY_OTHER_YOY,,,,,,,,,,,,,,,,,,366.6666666667,,,,,,,,
PERPETUAL_BOND_PAYBALE_YOY,,,,,,,,,,,,,,,,,,,,,,,,,,
PERPETUAL_BOND_YOY,,,,,,,,,,,,,,,,,,,,,,,,,,
PREDICT_CURRENT_LIAB_YOY,,,,,,,,,,,,,,,,,,,,,,,,,,
PREDICT_LIAB_YOY,,,,,,,,,,,,,,,,,,,,,,,,,,
PREFERRED_SHARES_PAYBALE_YOY,,,,,,,,,,,,,,,,,,,,,,,,,,
PREFERRED_SHARES_YOY,,,,,,,,,,,,,,,,,,,,,,,,,,
PREMIUM_RECE_YOY,,,,,,,,,,,,,,,,,,,,,,,,,,
PREPAYMENT_YOY,-96.1459781635,130.6230958636,-56.6903230678,-42.0168184265,31.0474885028,49.515371831,-24.4042830295,-29.2091751161,-48.4069027299,-33.4613163128,11.1470007081,108.1038870187,21.6462077263,27.1578144508,62.225400678,15.9240740878,20244.6866367985,-74.6113520899,161.0503157833,-23.1858976399,0.9257690091,103.2072751676,-80.2469189891,74.3410622363,-16.8432882629,
PRODUCTIVE_BIOLOGY_ASSET_YOY,,,,,,,,,,,,,,,,,,,,,,,,,,
PROJECT_MATERIAL_YOY,,,,,,,,,0.0,-84.8788859584,-35.5566881993,-45.571731953,-73.4559497268,-25.6320627132,-60.0521715141,422.7283160681,-74.8519286111,148.2907063446,73.8533983401,,,,,,,
RC_RESERVE_RECE_YOY,,,,,,,,,,,,,,,,,,,,,,,,,,
REINSURE_PAYABLE_YOY,,,,,,,,,,,,,,,,,,,,,,,,,,
REINSURE_RECE_YOY,,,,,,,,,,,,,,,,,,,,,,,,,,
SELL_REPO_FINASSET_YOY,,,,,,,,,,,,,,,,,,,,,,,,,,
SETTLE_EXCESS_RESERVE_YOY,,,,,,,,,,,,,,,,,,,,,,,,,,
SHARE_CAPITAL_YOY,0.0,0.0,0.0,0.0,0.0,0.0,0.0,0.0,10.0,10.0,0.0,0.0,10.0,0.0,0.0,0.0,0.0,100.0,20.0,30.0,10.0,10.0,35.1351351351,0.0,,
SHORT_BOND_PAYABLE_YOY,,,,,,,,,,,,,,,,,,,,,,,,,,
SHORT_FIN_PAYABLE_YOY,,,,,,,,,,,,,,,,,,,,,,,,,,
SHORT_LOAN_YOY,,,,,,,,,,,,,,,,,,,,,,,,10.1622544833,-20.3401360544,
SPECIAL_PAYABLE_YOY,,,,,,,0.0,0.0,-12.3804164322,0.0,0.0,5.9630292188,67.7,0.0,,,,,,0.0,,,,,,
SPECIAL_RESERVE_YOY,,,,,,,,,,,,,,,,,,,,,,,,,,
STAFF_SALARY_PAYABLE_YOY,12.9562870326,30.0302298793,23.3710460619,21.9238816159,20.1795728461,6.9871359592,16.7722275274,66.9445824816,-1.3317329187,279.8320199375,-3.4759852613,-53.3078685163,15.4448525949,7.8263089825,28.5149655156,561.2298770862,-49.9992973335,15.4861113068,50.3284225997,13.2964160674,-10.150839138,211.684988894,195.5582015843,653.345501448,,
SUBSIDY_RECE_YOY,,,,,,,,,,,,,,,,,,,,,,,,,,
SURPLUS_RESERVE_YOY,19.9219406872,29.3415250189,24.6241847145,21.5671757118,23.4411330696,63.6426869967,15.1345084491,14.8960923662,18.3090627182,24.3698434039,39.005270232,14.9765471978,21.3235920769,37.2769541078,58.3870308172,19.4213041025,35.0537829647,-35.8253092483,49.1382379995,52.8211133201,54.2191110937,68.1948526213,157.9197685446,928.7850131244,,
TAX_PAYABLE_YOY,0.7700724025,-42.4318086315,34.3054095266,1.8715474885,-18.7086852425,39.4109076862,80.8429951727,69.8374778063,19.4918414799,-36.4355713421,36.2861529041,208.3558427435,87.690612242,198.7959444166,-45.171734957,-37.1423895722,-49.7232250116,-11.7790587927,53.1797264169,41.1728269814,28.4004842305,33.6787301,51.9685575338,-41.4503622744,71.4910755173,
TOTAL_ASSETS_YOY,7.1507956479,-0.261540849,19.5750725046,16.5827388196,14.5112166673,18.7478909066,19.193046631,30.8605136012,31.0115630978,18.7885206434,23.2363508832,28.9314858755,36.3976939449,29.4287693271,25.4880502447,50.3051105433,9.5151802562,18.7797579772,26.4203822417,28.5952899122,26.0871409186,13.49881193,172.9535949325,38.6641820217,23.3481449834,
TOTAL_CURRENT_ASSETS_YOY,3.9522761676,-1.881749433,18.9136171878,16.7443932443,15.3506129193,22.8176704593,24.4716154962,38.7296715623,36.6475603662,13.4489212623,15.7529185685,30.167284925,37.0898606389,29.6680025506,27.897263111,54.8591869481,16.7750478446,12.4499193606,26.1256279471,27.0660707012,25.5669385216,4.2276734228,168.2248594311,48.590565611,38.2355147153,
TOTAL_CURRENT_LIAB_YOY,-0.7501320296,-15.2787227592,26.8000192785,11.1462715037,-3.1690505689,10.0149720947,4.1990170465,84.6246600502,90.1746865009,-6.7517869273,18.6942115565,0.4818536478,34.895599467,37.5902659135,20.167835611,101.2088046069,-37.9179442386,17.5373004776,34.2456020867,45.1756761807,40.6535104319,14.0872883995,12.2025526651,31.0279560888,40.7462418629,
TOTAL_EQUITY_YOY,9.1336797512,4.0519270842,17.4318534026,18.216071506,20.8399688464,22.2755086745,26.5105018668,14.5912183575,19.7474477104,25.340332175,24.4684576357,39.5642506617,36.9499483784,26.6034665617,27.3670574891,37.4550907734,35.6850931124,19.476559484,22.4271491313,21.5006044116,20.7250522622,13.2841289922,471.8224929812,55.5146964833,21.9018294649,
TOTAL_LIAB_EQUITY_YOY,7.1507956479,-0.261540849,19.5750725046,16.5827388196,14.5112166673,18.7478909066,19.193046631,30.8605136012,31.0115630978,18.7885206434,23.2363508832,28.9314858755,36.3976939449,29.4287693271,25.4880502447,50.3051105433,9.5151802562,18.7797579772,26.4203822417,28.5952899122,26.0871409186,13.49881193,172.9535949325,38.6641820217,23.3481449834,
TOTAL_LIABILITIES_YOY,-1.0482753457,-14.8562812982,27.4450488368,10.9535454234,-2.997760025,9.9705846526,4.1972517721,84.5590006732,90.0021367265,-6.7411927874,18.6594053816,0.4915319228,34.9422086086,37.5168195639,20.403087132,101.2088046069,-37.9179442386,17.5373004776,34.226930458,45.1665549515,40.6819149207,14.0872883995,12.2025526651,31.0279560888,24.0149401378,
TOTAL_NONCURRENT_ASSETS_YOY,25.4365450071,10.1355653659,24.0013314977,15.5124117092,9.247557216,-1.6819133626,-1.7274270158,6.8415435861,16.3625538665,35.3458690326,54.136136552,24.0678624397,33.740157201,28.5183897075,17.094396136,36.3365535585,-8.0238339375,37.4751298188,27.2990474368,33.3804401016,27.7431414175,58.3330390956,198.3932750516,2.0046813739,-11.7514097963,
TOTAL_NONCURRENT_LIAB_YOY,-30.477578329,67.6670170886,20240.5494809814,-97.9949634354,,,0.0,0.0,-12.3804164322,0.0,0.0,5.9630292188,67.7,0.0,,,,,,0.0,,,,,,
TOTAL_OTHER_PAYABLE_YOY,14.7296215224,10.1696626501,26.6224816618,-9.2567155054,5.4260777819,11.1448818272,74.1417605051,21.2727475726,16.2996176099,-23.5786532507,17.4165989668,51.7245804358,-19.4591999888,34.1288409391,47.2529155534,23.7704002925,55.0860398543,-2.1212137492,-25.8667157178,92.9275105349,17.0956442213,-46.4507184644,207.3798634167,88.3914115993,217.1137184725,
TOTAL_OTHER_RECE_YOY,-13.566003663,-4.042198251,-3.8552117413,-54.9407356238,-80.5680786089,44.3974964255,25.0534315011,63.3142473165,-17.292373526,-47.5970747567,-23.4506955501,47.7524606434,167.5728182406,3.9996634744,14.6737179279,-4.8091194023,58.2656814788,10.5999926506,75.6561363824,-75.6619654606,165.2152459888,35.6383672103,240.2747752638,,,
TOTAL_PARENT_EQUITY_YOY,9.2103132316,4.1894581018,17.4907979922,18.6106316436,20.5353423984,23.3862059827,25.4579937565,14.0289747036,19.6434530013,25.3581039395,24.810097149,36.6468256532,35.8306802858,27.1864778268,28.6486140854,36.5609071558,35.7997154272,19.0797521767,22.132785409,21.2264057979,20.5772987669,12.6955956668,472.0608181741,55.0384975642,21.9018294649,
TRADE_FINASSET_NOTFVTPL_YOY,,,,,,,,,,,,,,,,,,,,,,,,,,
TRADE_FINASSET_YOY,,,,,,,,,,,,,,,,,,,,,,,,,,
TRADE_FINLIAB_NOTFVTPL_YOY,,,,,,,,,,,,,,,,,,,,,,,,,,
TRADE_FINLIAB_YOY,,,,,,,,,,,,,,,,,,,,,,,,,,
TREASURY_SHARES_YOY,,,,,,,,,,,,,,,,,,,,,,,,,,
UNASSIGN_RPOFIT_YOY,7.2577631724,0.3491487329,16.8047954512,18.7260580691,20.743894772,19.9604743531,27.573507358,14.2838765465,20.4382553694,26.660439142,25.3480053568,43.952970264,43.3989272916,31.6402654404,33.2743267005,56.0890184863,62.4938464193,87.6476805829,65.3850016252,65.8567125538,110.9729668833,268.3375044671,-25.9955489785,1731.5185617794,,
UNCONFIRM_INVEST_LOSS_YOY,,,,,,,,,,,,,,,,,,,,,,,,,,
USERIGHT_ASSET_YOY,-21.9465190309,10.9611634664,,,,,,,,,,,,,,,,,,,,,,,,
OPINION_TYPE,标准无保留意见,标准无保留意见,标准无保留意见,标准无保留意见,标准无保留意见,标准无保留意见,标准无保留意见,标准无保留意见,标准无保留意见,标准无保留意见,标准无保留意见,标准无保留意见,标准无保留意见,标准无保留意见,标准无保留意见,标准无保留意见,标准无保留意见,标准无保留意见,标准无保留意见,标准无保留意见,标准无保留意见,标准无保留意见,标准无保留意见,标准无保留意见,标准无保留意见,标准无保留意见
OSOPINION_TYPE,,,,,,,,,,,,,,,,,,,,,,,,,,
LISTING_STATE,0,0,0,0,0,0,0,0,0,0,0,0,0,0,0,0,0,0,0,0,0,0,0,0,0,0
